{"gbDKuQgUx702LNS95RyMNg==":"mbr-1.jpg","04sx91A9OFPVfnHsr0CBug==":"mbr-2.jpg","vx1HCfMmqDU+s7Eui2JRdg==":"mbr-3.jpg","KZ9bLk9AH2ZsJ75m1vIHgA==":"mbr.png","Y3vQ9NrQmNgUekrM4H/8nA==":"mbr-3.jpeg","4jMTBEKvtHt4yLp64yJ7rQ==":"mbr-4.jpg","vlgcUSC18u1mj5K5ihrfAw==":"mbr-7.jpg","tTz86reHysGEwhEcX5uwVA==":"mbr-8.jpg","HPvps2PYs2xvCuXnWbZ9Hw==":"mbr-8.jpeg","KF+Wa3qUz9G/nA/BRqWBHw==":"mbr.jpeg","LsH5lvBYKniR4SADVP1NTQ==":"mbr-9.jpeg","xvEZoRtTpRo8PQiyUW4s5Q==":"mbr-10.jpg","IDI+CXQpTCod/TkNrC3CYQ==":"mbr.jpg","X0NkBDGMu+zd4PYMoLSDwA==":"mbr-5.jpg","wX76oSpNBIHut/EW6vVidQ==":"mbr-1.jpeg","kBWcS24dsvzugKxtOJfDkA==":"mbr-10.jpeg","I5K4Hp671NfmyvGT7dhUIQ==":"mbr.png","Z6nunz5XVaYGTDN9krOjBQ==":"jeday%2520photography%25204%2520grado-96x93.png","Ss/JTmfKZhaEt5WCHDSp5A==":"portada%2520de%2520la%2520pagina%2520web%2520(2)-2000x1122.jpg","8DJUQTsEKNCKJliWmTl2/A==":"black%2520wallpaper-640x1136.jpeg","Ay1fCgEQ53V93Y+vYaPYAQ==":"descarga%2520(15)-564x1001.jpeg","lpF8bh4qeo787+lnoU5DlQ==":"fotografia%2520creativa_-736x1308.jpg","sFG2sfQSetRk0zEY9mLoBw==":"fotografia%2520creativa_-736x1308.jpeg","QrpmF07DXP6RgTIZZd8KkQ==":"descarga%2520(16)-675x1200.jpg","DrjF320T1gX8LMUe94U4cw==":"descarga%2520(16)-675x1200.jpeg","tkNHYWG9KEvdPL5DouJyzw==":"descarga%2520(17)-736x1308.jpg","pP/hhoTL+3k0dGKfRgQaKw==":"jeday%2520photography%25204%2520grado-96x93.png","wHL3+fQvxZWtZfrpWP57SQ==":"jeday20photography20420grado-96x93.png","siIlLdvNj71l9TCeyBEurg==":"jeday20photography20420grado-1-96x93.png","BQzmIG8hdLKp1qqRh2m68w==":"images%2520(5)-201x251.jpg","X6gx3GZ4LX0b76CliYbs4w==":"images%2520(5)-201x251.jpeg","EhlFzQdoqgSKeDHR8sXojQ==":"images%2520(4)-201x251.jpg","QEGwh6hyq7mi8rPmasMcCA==":"images%2520(4)-1080x1345.jpg","52rO4yoCwjI35BZ/sBh/DQ==":"images%2520(3)-275x183.jpg","7NC/vUa7szHirpt16wSWyg==":"images%2520(3)-275x183.jpeg","Hj3gk333H+BhM3BeYGY27Q==":"images%2520(6)-259x194.jpeg","QOygNEbkmJ6f1ee8qNrU/A==":"473904240_591504070297066_7362485052631503980_n.webp","7mmJJCK2jkuY2Y7umDDPKg==":"472499336_1146330057013165_2036712675164055938_n.webp","56GnzfZ9pDwNiuI99+p8YA==":"323822736_835929660812125_8715909089086279875_n-150x150.jpeg","5Yv4nrWKHHwzGtTraNoiZg==":"68448237_2294523013997642_2736217853467295744_n-696x870.jpeg","UT3DWD0IZEyc+aDeGLal/g==":"68448237_2294523013997642_2736217853467295744_n-1609x2011.jpeg","xgFnvuWKVWedAXlh0gnvtw==":"images%2520(4)-1080x1345.jpeg","c8aWTsOXh1icKvHpM+V5Gw==":"323822736_835929660812125_8715909089086279875_n-1-150x150.jpeg","eWMj3HWAzZWLjxazH80ydg==":"544007916_18082329074507303_8062601391195522207_n-540x960.jpeg","jtRBAO+0N79qw9tsKyfEcQ==":"brown%2520and%2520white%2520modern%2520hotel%2520and%2520resort%2520feed%2520ad-696x696.png","eZrZCmh7+MwMk55fSgHEbQ==":"brown%2520and%2520white%2520modern%2520hotel%2520and%2520resort%2520feed%2520ad-696x696.png","Fmb1UzMdWTtKcEoqbe0gdA==":"brown%2520and%2520white%2520modern%2520hotel%2520and%2520resort%2520feed%2520ad-1080x1080.png","WtigORjPCfklgQML0uUrGw==":"mb_simbolo-removebg-preview-280x280.png","OVw2x9U/H7ULtUibT+cSaQ==":"brown%2520and%2520white%2520modern%2520hotel%2520and%2520resort%2520feed%2520ad%2520(1)-1080x1080.png","//Dlc5hRw++Z+2HGuUPS4w==":"brown%2520and%2520white%2520modern%2520hotel%2520and%2520resort%2520feed%2520ad%2520(2)-1080x1080.png"}